classifier;vectorizer;max_features;max_ngrams;avg;std
MLPClassifier;CountVectorizer;50;2;91.664;0.574
GaussianNB;CountVectorizer;50;1;33.379;13.861
GaussianNB;CountVectorizer;50;3;27.393;9.714
GaussianNB;TfidfVectorizer;50;3;75.390;2.824
GaussianNB;TfidfVectorizer;50;2;79.927;1.283
GaussianNB;TfidfVectorizer;200;1;89.641;1.110
KNeighborsClassifier;CountVectorizer;1000;2;88.994;0.652
KNeighborsClassifier;CountVectorizer;1000;1;88.954;0.573
GaussianNB;CountVectorizer;1000;2;88.067;3.002
MLPClassifier;CountVectorizer;500;2;96.064;0.485
KNeighborsClassifier;CountVectorizer;500;3;88.727;0.594
MLPClassifier;CountVectorizer;500;1;96.335;0.474
GaussianNB;CountVectorizer;200;3;55.112;10.063
KNeighborsClassifier;CountVectorizer;500;2;88.776;0.631
MLPClassifier;CountVectorizer;200;3;94.959;0.384
MLPClassifier;CountVectorizer;200;2;94.981;0.409
KNeighborsClassifier;CountVectorizer;50;3;85.123;0.474
GaussianNB;CountVectorizer;1000;1;87.085;3.802
GaussianNB;TfidfVectorizer;100;3;84.608;1.253
KNeighborsClassifier;CountVectorizer;500;1;89.448;0.513
MLPClassifier;CountVectorizer;200;1;95.353;0.372
GaussianNB;TfidfVectorizer;50;1;80.622;1.268
GaussianNB;CountVectorizer;500;3;80.588;3.594
KNeighborsClassifier;CountVectorizer;200;3;88.204;0.465
GaussianNB;CountVectorizer;1000;3;82.354;3.353
GaussianNB;CountVectorizer;100;2;40.798;11.364
MLPClassifier;CountVectorizer;100;3;93.688;0.326
KNeighborsClassifier;CountVectorizer;50;1;86.336;0.526
MLPClassifier;CountVectorizer;2000;3;96.603;0.460
KNeighborsClassifier;CountVectorizer;200;2;88.271;0.470
GaussianNB;TfidfVectorizer;500;2;91.044;0.551
MLPClassifier;CountVectorizer;100;2;93.911;0.284
KNeighborsClassifier;CountVectorizer;100;1;87.821;0.622
GaussianNB;CountVectorizer;2000;2;90.447;2.187
MLPClassifier;CountVectorizer;2000;2;96.556;0.423
KNeighborsClassifier;CountVectorizer;200;1;88.563;0.399
KNeighborsClassifier;CountVectorizer;50;2;85.636;0.433
GaussianNB;CountVectorizer;100;1;44.173;10.107
GaussianNB;TfidfVectorizer;500;1;92.756;0.512
MLPClassifier;CountVectorizer;100;1;93.795;0.561
GaussianNB;CountVectorizer;200;2;59.994;10.503
MLPClassifier;CountVectorizer;2000;1;96.830;0.412
MLPClassifier;CountVectorizer;50;1;91.827;0.664
GaussianNB;TfidfVectorizer;200;3;86.880;0.921
MLPClassifier;CountVectorizer;50;3;91.186;0.873
KNeighborsClassifier;CountVectorizer;100;3;87.539;0.499
MLPClassifier;CountVectorizer;1000;3;96.363;0.455
GaussianNB;TfidfVectorizer;100;2;85.600;0.500
KNeighborsClassifier;CountVectorizer;2000;3;88.387;0.707
GaussianNB;CountVectorizer;2000;1;89.239;1.844
GaussianNB;CountVectorizer;100;3;38.440;14.359
MLPClassifier;CountVectorizer;1000;2;96.362;0.461
GaussianNB;CountVectorizer;2000;3;89.607;2.473
GaussianNB;CountVectorizer;50;2;31.802;10.435
GaussianNB;CountVectorizer;500;2;80.273;4.648
GaussianNB;TfidfVectorizer;200;2;86.379;0.985
KNeighborsClassifier;CountVectorizer;2000;2;88.484;0.670
MLPClassifier;CountVectorizer;500;3;96.050;0.421
KNeighborsClassifier;CountVectorizer;100;2;87.506;0.524
GaussianNB;TfidfVectorizer;100;1;86.078;0.552
KNeighborsClassifier;CountVectorizer;2000;1;88.242;0.455
MLPClassifier;CountVectorizer;1000;1;96.530;0.288
GaussianNB;CountVectorizer;200;1;62.726;10.768
KNeighborsClassifier;CountVectorizer;1000;3;88.924;0.654
GaussianNB;CountVectorizer;500;1;82.499;4.547
KNeighborsClassifier;TfidfVectorizer;100;1;89.382;0.809
KNeighborsClassifier;TfidfVectorizer;500;1;79.827;0.881
GaussianNB;TfidfVectorizer;1000;3;90.705;0.760
KNeighborsClassifier;TfidfVectorizer;100;3;89.735;0.775
KNeighborsClassifier;TfidfVectorizer;200;1;87.173;0.852
GaussianNB;TfidfVectorizer;1000;2;93.751;0.245
KNeighborsClassifier;TfidfVectorizer;50;3;87.109;0.730
GaussianNB;TfidfVectorizer;500;3;89.275;0.816
KNeighborsClassifier;TfidfVectorizer;2000;2;69.155;0.401
KNeighborsClassifier;TfidfVectorizer;2000;3;70.726;0.519
KNeighborsClassifier;TfidfVectorizer;50;2;87.407;0.825
GaussianNB;TfidfVectorizer;1000;1;93.861;0.387
KNeighborsClassifier;TfidfVectorizer;200;2;86.851;0.836
KNeighborsClassifier;TfidfVectorizer;1000;3;77.202;0.742
KNeighborsClassifier;TfidfVectorizer;2000;1;64.980;0.198
GaussianNB;TfidfVectorizer;2000;2;94.669;0.383
KNeighborsClassifier;TfidfVectorizer;200;3;86.863;0.811
GaussianNB;TfidfVectorizer;2000;1;93.694;0.636
GaussianNB;TfidfVectorizer;2000;3;94.633;0.309
KNeighborsClassifier;TfidfVectorizer;1000;1;72.240;0.661
MLPClassifier;TfidfVectorizer;50;3;90.789;0.833
KNeighborsClassifier;TfidfVectorizer;500;3;83.205;0.800
MLPClassifier;TfidfVectorizer;50;2;90.861;0.795
KNeighborsClassifier;TfidfVectorizer;100;2;89.711;0.797
MLPClassifier;TfidfVectorizer;500;3;95.371;0.471
KNeighborsClassifier;TfidfVectorizer;1000;2;75.069;0.818
MLPClassifier;TfidfVectorizer;1000;3;96.512;0.354
MLPClassifier;TfidfVectorizer;200;1;94.279;0.630
MLPClassifier;TfidfVectorizer;200;3;94.017;0.410
MLPClassifier;TfidfVectorizer;100;2;93.429;0.439
MLPClassifier;TfidfVectorizer;100;1;93.095;0.510
MLPClassifier;TfidfVectorizer;200;2;94.200;0.387
MLPClassifier;TfidfVectorizer;50;1;90.883;0.693
KNeighborsClassifier;TfidfVectorizer;50;1;87.720;0.677
MLPClassifier;TfidfVectorizer;2000;1;97.157;0.330
MLPClassifier;TfidfVectorizer;500;2;95.473;0.477
MLPClassifier;TfidfVectorizer;100;3;93.425;0.360
MLPClassifier;TfidfVectorizer;2000;2;96.981;0.385
MLPClassifier;TfidfVectorizer;2000;3;96.957;0.388
MLPClassifier;TfidfVectorizer;1000;1;96.821;0.184
KNeighborsClassifier;TfidfVectorizer;500;2;82.857;0.740
MLPClassifier;TfidfVectorizer;500;1;96.177;0.372
MLPClassifier;TfidfVectorizer;1000;2;96.503;0.431
